,MAE_biased_test,r_biased_test,r_bag_real_biased_test
0,5.3307717349110115,0.9376819808247605,-0.1963552776441126
