,MAE_biased_test,r_biased_test,r_bag_real_biased_test
0,5.345013545286258,0.9369357588907496,-0.18617577777118272
