id,prediction
008_2,56.03514
034_2,50.083775
050_2,27.129505
053_2,22.459621
006_2,51.5975
019_2,48.886497
037_2,21.1461
046_2,38.897316
031_2,45.140274
030_2,57.074467
041_2,28.854053
009_2,47.245426
024_2,42.68909
022_2,42.81612
026_2,34.716454
038_2,33.307743
023_2,34.683113
045_2,29.743727
052_2,32.030663
002_2,57.27993
042_2,43.8392
010_2,39.71514
035_2,37.554047
027_2,36.087074
036_2,49.618786
011_2,41.910347
007_3,42.790592
021_2,33.28921
013_2,40.89299
001_2,37.792854
