id,prediction
1,34.526855
2,55.08059
7,39.273438
8,54.07412
6,51.615868
9,46.62384
10,45.382877
11,43.20597
13,37.80604
19,46.686317
21,31.82941
22,38.75318
23,33.36554
24,40.540237
26,32.72706
27,33.396053
30,54.052246
31,45.12841
34,51.446358
35,35.285988
36,46.974846
37,18.96753
38,32.58921
41,29.376097
42,42.62562
45,27.03795
46,38.15406
50,25.083532
52,31.943602
53,19.679882
